{
  "id": "4117258",
  "name": "海外直播",
  "font_family": "iconfont",
  "css_prefix_text": "icon-",
  "description": "",
  "glyphs": [
    {
      "icon_id": "2076214",
      "name": "暂停",
      "font_class": "zanting",
      "unicode": "e87a",
      "unicode_decimal": 59514
    },
    {
      "icon_id": "23129875",
      "name": "弹幕开启",
      "font_class": "danmukaiqi",
      "unicode": "e613",
      "unicode_decimal": 58899
    },
    {
      "icon_id": "23129876",
      "name": "弹幕关闭",
      "font_class": "danmuguanbi",
      "unicode": "e614",
      "unicode_decimal": 58900
    },
    {
      "icon_id": "2076218",
      "name": "播放2",
      "font_class": "bofang",
      "unicode": "e87c",
      "unicode_decimal": 59516
    }
  ]
}
